Year,Series,AGE,SEX,Value
2003,Household activities (includes travel),Y_GE15,M,1.33
2004,Household activities (includes travel),Y_GE15,M,1.33
2005,Household activities (includes travel),Y_GE15,M,1.35
2006,Household activities (includes travel),Y_GE15,M,1.33
2007,Household activities (includes travel),Y_GE15,M,1.43
2008,Household activities (includes travel),Y_GE15,M,1.3
2009,Household activities (includes travel),Y_GE15,M,1.33
2010,Household activities (includes travel),Y_GE15,M,1.42
2011,Household activities (includes travel),Y_GE15,M,1.37
2012,Household activities (includes travel),Y_GE15,M,1.29
2013,Household activities (includes travel),Y_GE15,M,1.34
2014,Household activities (includes travel),Y_GE15,M,1.38
2015,Household activities (includes travel),Y_GE15,M,1.43
2016,Household activities (includes travel),Y_GE15,M,1.38
2017,Household activities (includes travel),Y_GE15,M,1.41
2018,Household activities (includes travel),Y_GE15,M,1.36
2019,Household activities (includes travel),Y_GE15,M,1.39
2020,Household activities (includes travel),Y_GE15,M,
2021,Household activities (includes travel),Y_GE15,M,1.54
2022,Household activities (includes travel),Y_GE15,M,1.51
2023,Household activities (includes travel),Y_GE15,M,1.49
2003,Household activities (includes travel),Y_GE15,F,2.29
2004,Household activities (includes travel),Y_GE15,F,2.26
2005,Household activities (includes travel),Y_GE15,F,2.27
2006,Household activities (includes travel),Y_GE15,F,2.23
2007,Household activities (includes travel),Y_GE15,F,2.22
2008,Household activities (includes travel),Y_GE15,F,2.13
2009,Household activities (includes travel),Y_GE15,F,2.24
2010,Household activities (includes travel),Y_GE15,F,2.14
2011,Household activities (includes travel),Y_GE15,F,2.16
2012,Household activities (includes travel),Y_GE15,F,2.17
2013,Household activities (includes travel),Y_GE15,F,2.19
2014,Household activities (includes travel),Y_GE15,F,2.14
2015,Household activities (includes travel),Y_GE15,F,2.23
2016,Household activities (includes travel),Y_GE15,F,2.24
2017,Household activities (includes travel),Y_GE15,F,2.19
2018,Household activities (includes travel),Y_GE15,F,2.17
2019,Household activities (includes travel),Y_GE15,F,2.16
2020,Household activities (includes travel),Y_GE15,F,
2021,Household activities (includes travel),Y_GE15,F,2.33
2022,Household activities (includes travel),Y_GE15,F,2.26
2023,Household activities (includes travel),Y_GE15,F,2.32
2003,Household activities (includes travel),Y15T24,M,0.65
2004,Household activities (includes travel),Y15T24,M,0.62
2005,Household activities (includes travel),Y15T24,M,0.75
2006,Household activities (includes travel),Y15T24,M,0.72
2007,Household activities (includes travel),Y15T24,M,0.77
2008,Household activities (includes travel),Y15T24,M,0.73
2009,Household activities (includes travel),Y15T24,M,0.69
2010,Household activities (includes travel),Y15T24,M,0.85
2011,Household activities (includes travel),Y15T24,M,0.73
2012,Household activities (includes travel),Y15T24,M,0.61
2013,Household activities (includes travel),Y15T24,M,0.71
2014,Household activities (includes travel),Y15T24,M,0.58
2015,Household activities (includes travel),Y15T24,M,0.78
2016,Household activities (includes travel),Y15T24,M,0.69
2017,Household activities (includes travel),Y15T24,M,0.68
2018,Household activities (includes travel),Y15T24,M,0.71
2019,Household activities (includes travel),Y15T24,M,0.79
2020,Household activities (includes travel),Y15T24,M,
2021,Household activities (includes travel),Y15T24,M,0.84
2022,Household activities (includes travel),Y15T24,M,0.69
2023,Household activities (includes travel),Y15T24,M,0.76
2003,Household activities (includes travel),Y15T24,F,1.02
2004,Household activities (includes travel),Y15T24,F,1.1
2005,Household activities (includes travel),Y15T24,F,1.13
2006,Household activities (includes travel),Y15T24,F,1.09
2007,Household activities (includes travel),Y15T24,F,1.0
2008,Household activities (includes travel),Y15T24,F,1.0
2009,Household activities (includes travel),Y15T24,F,1.14
2010,Household activities (includes travel),Y15T24,F,1.19
2011,Household activities (includes travel),Y15T24,F,1.15
2012,Household activities (includes travel),Y15T24,F,0.91
2013,Household activities (includes travel),Y15T24,F,0.99
2014,Household activities (includes travel),Y15T24,F,1.1
2015,Household activities (includes travel),Y15T24,F,1.03
2016,Household activities (includes travel),Y15T24,F,1.13
2017,Household activities (includes travel),Y15T24,F,1.31
2018,Household activities (includes travel),Y15T24,F,1.25
2019,Household activities (includes travel),Y15T24,F,1.08
2020,Household activities (includes travel),Y15T24,F,
2021,Household activities (includes travel),Y15T24,F,1.06
2022,Household activities (includes travel),Y15T24,F,1.26
2023,Household activities (includes travel),Y15T24,F,1.26
2003,Household activities (includes travel),Y25T34,M,1.12
2004,Household activities (includes travel),Y25T34,M,1.02
2005,Household activities (includes travel),Y25T34,M,1.08
2006,Household activities (includes travel),Y25T34,M,1.03
2007,Household activities (includes travel),Y25T34,M,1.25
2008,Household activities (includes travel),Y25T34,M,1.06
2009,Household activities (includes travel),Y25T34,M,1.04
2010,Household activities (includes travel),Y25T34,M,1.08
2011,Household activities (includes travel),Y25T34,M,1.03
2012,Household activities (includes travel),Y25T34,M,1.06
2013,Household activities (includes travel),Y25T34,M,1.08
2014,Household activities (includes travel),Y25T34,M,1.23
2015,Household activities (includes travel),Y25T34,M,1.26
2016,Household activities (includes travel),Y25T34,M,1.25
2017,Household activities (includes travel),Y25T34,M,1.14
2018,Household activities (includes travel),Y25T34,M,1.07
2019,Household activities (includes travel),Y25T34,M,1.11
2020,Household activities (includes travel),Y25T34,M,
2021,Household activities (includes travel),Y25T34,M,1.21
2022,Household activities (includes travel),Y25T34,M,1.31
2023,Household activities (includes travel),Y25T34,M,1.14
2003,Household activities (includes travel),Y25T34,F,2.08
2004,Household activities (includes travel),Y25T34,F,2.03
2005,Household activities (includes travel),Y25T34,F,2.02
2006,Household activities (includes travel),Y25T34,F,2.08
2007,Household activities (includes travel),Y25T34,F,1.92
2008,Household activities (includes travel),Y25T34,F,1.89
2009,Household activities (includes travel),Y25T34,F,1.88
2010,Household activities (includes travel),Y25T34,F,1.8
2011,Household activities (includes travel),Y25T34,F,1.91
2012,Household activities (includes travel),Y25T34,F,1.92
2013,Household activities (includes travel),Y25T34,F,1.97
2014,Household activities (includes travel),Y25T34,F,1.95
2015,Household activities (includes travel),Y25T34,F,2.04
2016,Household activities (includes travel),Y25T34,F,1.88
2017,Household activities (includes travel),Y25T34,F,1.97
2018,Household activities (includes travel),Y25T34,F,1.99
2019,Household activities (includes travel),Y25T34,F,1.93
2020,Household activities (includes travel),Y25T34,F,
2021,Household activities (includes travel),Y25T34,F,2.3
2022,Household activities (includes travel),Y25T34,F,2.05
2023,Household activities (includes travel),Y25T34,F,2.03
2003,Household activities (includes travel),Y25T54,M,1.33
2004,Household activities (includes travel),Y25T54,M,1.32
2005,Household activities (includes travel),Y25T54,M,1.34
2006,Household activities (includes travel),Y25T54,M,1.28
2007,Household activities (includes travel),Y25T54,M,1.4
2008,Household activities (includes travel),Y25T54,M,1.29
2009,Household activities (includes travel),Y25T54,M,1.28
2010,Household activities (includes travel),Y25T54,M,1.4
2011,Household activities (includes travel),Y25T54,M,1.3
2012,Household activities (includes travel),Y25T54,M,1.2
2013,Household activities (includes travel),Y25T54,M,1.29
2014,Household activities (includes travel),Y25T54,M,1.39
2015,Household activities (includes travel),Y25T54,M,1.35
2016,Household activities (includes travel),Y25T54,M,1.35
2017,Household activities (includes travel),Y25T54,M,1.3
2018,Household activities (includes travel),Y25T54,M,1.22
2019,Household activities (includes travel),Y25T54,M,1.27
2020,Household activities (includes travel),Y25T54,M,
2021,Household activities (includes travel),Y25T54,M,1.43
2022,Household activities (includes travel),Y25T54,M,1.41
2023,Household activities (includes travel),Y25T54,M,1.4
2003,Household activities (includes travel),Y25T54,F,2.38
2004,Household activities (includes travel),Y25T54,F,2.34
2005,Household activities (includes travel),Y25T54,F,2.37
2006,Household activities (includes travel),Y25T54,F,2.32
2007,Household activities (includes travel),Y25T54,F,2.3
2008,Household activities (includes travel),Y25T54,F,2.19
2009,Household activities (includes travel),Y25T54,F,2.26
2010,Household activities (includes travel),Y25T54,F,2.2
2011,Household activities (includes travel),Y25T54,F,2.25
2012,Household activities (includes travel),Y25T54,F,2.23
2013,Household activities (includes travel),Y25T54,F,2.27
2014,Household activities (includes travel),Y25T54,F,2.21
2015,Household activities (includes travel),Y25T54,F,2.33
2016,Household activities (includes travel),Y25T54,F,2.26
2017,Household activities (includes travel),Y25T54,F,2.17
2018,Household activities (includes travel),Y25T54,F,2.2
2019,Household activities (includes travel),Y25T54,F,2.13
2020,Household activities (includes travel),Y25T54,F,
2021,Household activities (includes travel),Y25T54,F,2.33
2022,Household activities (includes travel),Y25T54,F,2.22
2023,Household activities (includes travel),Y25T54,F,2.26
2003,Household activities (includes travel),Y35T44,M,1.39
2004,Household activities (includes travel),Y35T44,M,1.33
2005,Household activities (includes travel),Y35T44,M,1.35
2006,Household activities (includes travel),Y35T44,M,1.28
2007,Household activities (includes travel),Y35T44,M,1.33
2008,Household activities (includes travel),Y35T44,M,1.33
2009,Household activities (includes travel),Y35T44,M,1.27
2010,Household activities (includes travel),Y35T44,M,1.47
2011,Household activities (includes travel),Y35T44,M,1.29
2012,Household activities (includes travel),Y35T44,M,1.2
2013,Household activities (includes travel),Y35T44,M,1.33
2014,Household activities (includes travel),Y35T44,M,1.42
2015,Household activities (includes travel),Y35T44,M,1.29
2016,Household activities (includes travel),Y35T44,M,1.23
2017,Household activities (includes travel),Y35T44,M,1.18
2018,Household activities (includes travel),Y35T44,M,1.28
2019,Household activities (includes travel),Y35T44,M,1.31
2020,Household activities (includes travel),Y35T44,M,
2021,Household activities (includes travel),Y35T44,M,1.53
2022,Household activities (includes travel),Y35T44,M,1.43
2023,Household activities (includes travel),Y35T44,M,1.48
2003,Household activities (includes travel),Y35T44,F,2.57
2004,Household activities (includes travel),Y35T44,F,2.47
2005,Household activities (includes travel),Y35T44,F,2.45
2006,Household activities (includes travel),Y35T44,F,2.45
2007,Household activities (includes travel),Y35T44,F,2.43
2008,Household activities (includes travel),Y35T44,F,2.37
2009,Household activities (includes travel),Y35T44,F,2.39
2010,Household activities (includes travel),Y35T44,F,2.38
2011,Household activities (includes travel),Y35T44,F,2.52
2012,Household activities (includes travel),Y35T44,F,2.4
2013,Household activities (includes travel),Y35T44,F,2.35
2014,Household activities (includes travel),Y35T44,F,2.33
2015,Household activities (includes travel),Y35T44,F,2.38
2016,Household activities (includes travel),Y35T44,F,2.55
2017,Household activities (includes travel),Y35T44,F,2.2
2018,Household activities (includes travel),Y35T44,F,2.3
2019,Household activities (includes travel),Y35T44,F,2.36
2020,Household activities (includes travel),Y35T44,F,
2021,Household activities (includes travel),Y35T44,F,2.28
2022,Household activities (includes travel),Y35T44,F,2.17
2023,Household activities (includes travel),Y35T44,F,2.25
2003,Household activities (includes travel),Y45T54,M,1.47
2004,Household activities (includes travel),Y45T54,M,1.59
2005,Household activities (includes travel),Y45T54,M,1.58
2006,Household activities (includes travel),Y45T54,M,1.5
2007,Household activities (includes travel),Y45T54,M,1.6
2008,Household activities (includes travel),Y45T54,M,1.48
2009,Household activities (includes travel),Y45T54,M,1.52
2010,Household activities (includes travel),Y45T54,M,1.64
2011,Household activities (includes travel),Y45T54,M,1.56
2012,Household activities (includes travel),Y45T54,M,1.34
2013,Household activities (includes travel),Y45T54,M,1.45
2014,Household activities (includes travel),Y45T54,M,1.53
2015,Household activities (includes travel),Y45T54,M,1.48
2016,Household activities (includes travel),Y45T54,M,1.56
2017,Household activities (includes travel),Y45T54,M,1.59
2018,Household activities (includes travel),Y45T54,M,1.34
2019,Household activities (includes travel),Y45T54,M,1.4
2020,Household activities (includes travel),Y45T54,M,
2021,Household activities (includes travel),Y45T54,M,1.56
2022,Household activities (includes travel),Y45T54,M,1.49
2023,Household activities (includes travel),Y45T54,M,1.6
2003,Household activities (includes travel),Y45T54,F,2.47
2004,Household activities (includes travel),Y45T54,F,2.49
2005,Household activities (includes travel),Y45T54,F,2.62
2006,Household activities (includes travel),Y45T54,F,2.42
2007,Household activities (includes travel),Y45T54,F,2.52
2008,Household activities (includes travel),Y45T54,F,2.29
2009,Household activities (includes travel),Y45T54,F,2.47
2010,Household activities (includes travel),Y45T54,F,2.4
2011,Household activities (includes travel),Y45T54,F,2.32
2012,Household activities (includes travel),Y45T54,F,2.37
2013,Household activities (includes travel),Y45T54,F,2.47
2014,Household activities (includes travel),Y45T54,F,2.36
2015,Household activities (includes travel),Y45T54,F,2.56
2016,Household activities (includes travel),Y45T54,F,2.37
2017,Household activities (includes travel),Y45T54,F,2.35
2018,Household activities (includes travel),Y45T54,F,2.31
2019,Household activities (includes travel),Y45T54,F,2.12
2020,Household activities (includes travel),Y45T54,F,
2021,Household activities (includes travel),Y45T54,F,2.4
2022,Household activities (includes travel),Y45T54,F,2.46
2023,Household activities (includes travel),Y45T54,F,2.54
2003,Household activities (includes travel),Y55T64,M,1.77
2004,Household activities (includes travel),Y55T64,M,1.69
2005,Household activities (includes travel),Y55T64,M,1.81
2006,Household activities (includes travel),Y55T64,M,1.7
2007,Household activities (includes travel),Y55T64,M,2.01
2008,Household activities (includes travel),Y55T64,M,1.63
2009,Household activities (includes travel),Y55T64,M,1.67
2010,Household activities (includes travel),Y55T64,M,1.68
2011,Household activities (includes travel),Y55T64,M,1.61
2012,Household activities (includes travel),Y55T64,M,1.65
2013,Household activities (includes travel),Y55T64,M,1.69
2014,Household activities (includes travel),Y55T64,M,1.6
2015,Household activities (includes travel),Y55T64,M,1.82
2016,Household activities (includes travel),Y55T64,M,1.55
2017,Household activities (includes travel),Y55T64,M,1.65
2018,Household activities (includes travel),Y55T64,M,1.78
2019,Household activities (includes travel),Y55T64,M,1.8
2020,Household activities (includes travel),Y55T64,M,
2021,Household activities (includes travel),Y55T64,M,1.76
2022,Household activities (includes travel),Y55T64,M,1.85
2023,Household activities (includes travel),Y55T64,M,1.72
2003,Household activities (includes travel),Y55T64,F,2.66
2004,Household activities (includes travel),Y55T64,F,2.66
2005,Household activities (includes travel),Y55T64,F,2.64
2006,Household activities (includes travel),Y55T64,F,2.49
2007,Household activities (includes travel),Y55T64,F,2.74
2008,Household activities (includes travel),Y55T64,F,2.52
2009,Household activities (includes travel),Y55T64,F,2.62
2010,Household activities (includes travel),Y55T64,F,2.43
2011,Household activities (includes travel),Y55T64,F,2.4
2012,Household activities (includes travel),Y55T64,F,2.46
2013,Household activities (includes travel),Y55T64,F,2.55
2014,Household activities (includes travel),Y55T64,F,2.4
2015,Household activities (includes travel),Y55T64,F,2.51
2016,Household activities (includes travel),Y55T64,F,2.52
2017,Household activities (includes travel),Y55T64,F,2.57
2018,Household activities (includes travel),Y55T64,F,2.4
2019,Household activities (includes travel),Y55T64,F,2.41
2020,Household activities (includes travel),Y55T64,F,
2021,Household activities (includes travel),Y55T64,F,2.53
2022,Household activities (includes travel),Y55T64,F,2.4
2023,Household activities (includes travel),Y55T64,F,2.65
2003,Household activities (includes travel),Y_GE65,M,1.89
2004,Household activities (includes travel),Y_GE65,M,2.0
2005,Household activities (includes travel),Y_GE65,M,1.8
2006,Household activities (includes travel),Y_GE65,M,2.02
2007,Household activities (includes travel),Y_GE65,M,1.89
2008,Household activities (includes travel),Y_GE65,M,1.74
2009,Household activities (includes travel),Y_GE65,M,1.98
2010,Household activities (includes travel),Y_GE65,M,1.96
2011,Household activities (includes travel),Y_GE65,M,2.16
2012,Household activities (includes travel),Y_GE65,M,1.99
2013,Household activities (includes travel),Y_GE65,M,1.88
2014,Household activities (includes travel),Y_GE65,M,1.98
2015,Household activities (includes travel),Y_GE65,M,1.97
2016,Household activities (includes travel),Y_GE65,M,2.01
2017,Household activities (includes travel),Y_GE65,M,2.18
2018,Household activities (includes travel),Y_GE65,M,1.98
2019,Household activities (includes travel),Y_GE65,M,1.89
2020,Household activities (includes travel),Y_GE65,M,
2021,Household activities (includes travel),Y_GE65,M,2.2
2022,Household activities (includes travel),Y_GE65,M,2.17
2023,Household activities (includes travel),Y_GE65,M,2.17
2003,Household activities (includes travel),Y_GE65,F,3.03
2004,Household activities (includes travel),Y_GE65,F,2.88
2005,Household activities (includes travel),Y_GE65,F,2.82
2006,Household activities (includes travel),Y_GE65,F,2.84
2007,Household activities (includes travel),Y_GE65,F,2.79
2008,Household activities (includes travel),Y_GE65,F,2.72
2009,Household activities (includes travel),Y_GE65,F,2.9
2010,Household activities (includes travel),Y_GE65,F,2.66
2011,Household activities (includes travel),Y_GE65,F,2.63
2012,Household activities (includes travel),Y_GE65,F,2.87
2013,Household activities (includes travel),Y_GE65,F,2.74
2014,Household activities (includes travel),Y_GE65,F,2.61
2015,Household activities (includes travel),Y_GE65,F,2.72
2016,Household activities (includes travel),Y_GE65,F,2.85
2017,Household activities (includes travel),Y_GE65,F,2.61
2018,Household activities (includes travel),Y_GE65,F,2.6
2019,Household activities (includes travel),Y_GE65,F,2.79
2020,Household activities (includes travel),Y_GE65,F,
2021,Household activities (includes travel),Y_GE65,F,3.04
2022,Household activities (includes travel),Y_GE65,F,2.93
2023,Household activities (includes travel),Y_GE65,F,2.93
2003,Caring for and helping household members (includes travel),Y_GE15,M,0.35
2004,Caring for and helping household members (includes travel),Y_GE15,M,0.36
2005,Caring for and helping household members (includes travel),Y_GE15,M,0.34
2006,Caring for and helping household members (includes travel),Y_GE15,M,0.33
2007,Caring for and helping household members (includes travel),Y_GE15,M,0.33
2008,Caring for and helping household members (includes travel),Y_GE15,M,0.36
2009,Caring for and helping household members (includes travel),Y_GE15,M,0.37
2010,Caring for and helping household members (includes travel),Y_GE15,M,0.33
2011,Caring for and helping household members (includes travel),Y_GE15,M,0.33
2012,Caring for and helping household members (includes travel),Y_GE15,M,0.35
2013,Caring for and helping household members (includes travel),Y_GE15,M,0.36
2014,Caring for and helping household members (includes travel),Y_GE15,M,0.35
2015,Caring for and helping household members (includes travel),Y_GE15,M,0.31
2016,Caring for and helping household members (includes travel),Y_GE15,M,0.34
2017,Caring for and helping household members (includes travel),Y_GE15,M,0.36
2018,Caring for and helping household members (includes travel),Y_GE15,M,0.32
2019,Caring for and helping household members (includes travel),Y_GE15,M,0.32
2020,Caring for and helping household members (includes travel),Y_GE15,M,
2021,Caring for and helping household members (includes travel),Y_GE15,M,0.32
2022,Caring for and helping household members (includes travel),Y_GE15,M,0.31
2023,Caring for and helping household members (includes travel),Y_GE15,M,0.38
2003,Caring for and helping household members (includes travel),Y_GE15,F,0.75
2004,Caring for and helping household members (includes travel),Y_GE15,F,0.76
2005,Caring for and helping household members (includes travel),Y_GE15,F,0.73
2006,Caring for and helping household members (includes travel),Y_GE15,F,0.71
2007,Caring for and helping household members (includes travel),Y_GE15,F,0.72
2008,Caring for and helping household members (includes travel),Y_GE15,F,0.7
2009,Caring for and helping household members (includes travel),Y_GE15,F,0.7
2010,Caring for and helping household members (includes travel),Y_GE15,F,0.67
2011,Caring for and helping household members (includes travel),Y_GE15,F,0.67
2012,Caring for and helping household members (includes travel),Y_GE15,F,0.66
2013,Caring for and helping household members (includes travel),Y_GE15,F,0.69
2014,Caring for and helping household members (includes travel),Y_GE15,F,0.72
2015,Caring for and helping household members (includes travel),Y_GE15,F,0.7
2016,Caring for and helping household members (includes travel),Y_GE15,F,0.69
2017,Caring for and helping household members (includes travel),Y_GE15,F,0.68
2018,Caring for and helping household members (includes travel),Y_GE15,F,0.7
2019,Caring for and helping household members (includes travel),Y_GE15,F,0.65
2020,Caring for and helping household members (includes travel),Y_GE15,F,
2021,Caring for and helping household members (includes travel),Y_GE15,F,0.62
2022,Caring for and helping household members (includes travel),Y_GE15,F,0.64
2023,Caring for and helping household members (includes travel),Y_GE15,F,0.62
2003,Caring for and helping household members (includes travel),Y15T24,M,0.1
2004,Caring for and helping household members (includes travel),Y15T24,M,0.13
2005,Caring for and helping household members (includes travel),Y15T24,M,0.15
2006,Caring for and helping household members (includes travel),Y15T24,M,0.11
2007,Caring for and helping household members (includes travel),Y15T24,M,0.11
2008,Caring for and helping household members (includes travel),Y15T24,M,0.13
2009,Caring for and helping household members (includes travel),Y15T24,M,0.18
2010,Caring for and helping household members (includes travel),Y15T24,M,0.1
2011,Caring for and helping household members (includes travel),Y15T24,M,0.12
2012,Caring for and helping household members (includes travel),Y15T24,M,0.2
2013,Caring for and helping household members (includes travel),Y15T24,M,0.11
2014,Caring for and helping household members (includes travel),Y15T24,M,0.16
2015,Caring for and helping household members (includes travel),Y15T24,M,0.07
2016,Caring for and helping household members (includes travel),Y15T24,M,0.11
2017,Caring for and helping household members (includes travel),Y15T24,M,0.14
2018,Caring for and helping household members (includes travel),Y15T24,M,0.1
2019,Caring for and helping household members (includes travel),Y15T24,M,0.05
2020,Caring for and helping household members (includes travel),Y15T24,M,
2021,Caring for and helping household members (includes travel),Y15T24,M,0.09
2022,Caring for and helping household members (includes travel),Y15T24,M,0.08
2023,Caring for and helping household members (includes travel),Y15T24,M,0.15
2003,Caring for and helping household members (includes travel),Y15T24,F,0.47
2004,Caring for and helping household members (includes travel),Y15T24,F,0.53
2005,Caring for and helping household members (includes travel),Y15T24,F,0.59
2006,Caring for and helping household members (includes travel),Y15T24,F,0.55
2007,Caring for and helping household members (includes travel),Y15T24,F,0.38
2008,Caring for and helping household members (includes travel),Y15T24,F,0.52
2009,Caring for and helping household members (includes travel),Y15T24,F,0.41
2010,Caring for and helping household members (includes travel),Y15T24,F,0.6
2011,Caring for and helping household members (includes travel),Y15T24,F,0.51
2012,Caring for and helping household members (includes travel),Y15T24,F,0.53
2013,Caring for and helping household members (includes travel),Y15T24,F,0.45
2014,Caring for and helping household members (includes travel),Y15T24,F,0.49
2015,Caring for and helping household members (includes travel),Y15T24,F,0.53
2016,Caring for and helping household members (includes travel),Y15T24,F,0.37
2017,Caring for and helping household members (includes travel),Y15T24,F,0.32
2018,Caring for and helping household members (includes travel),Y15T24,F,0.45
2019,Caring for and helping household members (includes travel),Y15T24,F,0.19
2020,Caring for and helping household members (includes travel),Y15T24,F,
2021,Caring for and helping household members (includes travel),Y15T24,F,0.22
2022,Caring for and helping household members (includes travel),Y15T24,F,0.27
2023,Caring for and helping household members (includes travel),Y15T24,F,0.35
2003,Caring for and helping household members (includes travel),Y25T34,M,0.6
2004,Caring for and helping household members (includes travel),Y25T34,M,0.53
2005,Caring for and helping household members (includes travel),Y25T34,M,0.61
2006,Caring for and helping household members (includes travel),Y25T34,M,0.5
2007,Caring for and helping household members (includes travel),Y25T34,M,0.57
2008,Caring for and helping household members (includes travel),Y25T34,M,0.62
2009,Caring for and helping household members (includes travel),Y25T34,M,0.65
2010,Caring for and helping household members (includes travel),Y25T34,M,0.58
2011,Caring for and helping household members (includes travel),Y25T34,M,0.51
2012,Caring for and helping household members (includes travel),Y25T34,M,0.62
2013,Caring for and helping household members (includes travel),Y25T34,M,0.54
2014,Caring for and helping household members (includes travel),Y25T34,M,0.59
2015,Caring for and helping household members (includes travel),Y25T34,M,0.53
2016,Caring for and helping household members (includes travel),Y25T34,M,0.49
2017,Caring for and helping household members (includes travel),Y25T34,M,0.54
2018,Caring for and helping household members (includes travel),Y25T34,M,0.47
2019,Caring for and helping household members (includes travel),Y25T34,M,0.53
2020,Caring for and helping household members (includes travel),Y25T34,M,
2021,Caring for and helping household members (includes travel),Y25T34,M,0.46
2022,Caring for and helping household members (includes travel),Y25T34,M,0.39
2023,Caring for and helping household members (includes travel),Y25T34,M,0.62
2003,Caring for and helping household members (includes travel),Y25T34,F,1.63
2004,Caring for and helping household members (includes travel),Y25T34,F,1.74
2005,Caring for and helping household members (includes travel),Y25T34,F,1.57
2006,Caring for and helping household members (includes travel),Y25T34,F,1.64
2007,Caring for and helping household members (includes travel),Y25T34,F,1.68
2008,Caring for and helping household members (includes travel),Y25T34,F,1.52
2009,Caring for and helping household members (includes travel),Y25T34,F,1.68
2010,Caring for and helping household members (includes travel),Y25T34,F,1.43
2011,Caring for and helping household members (includes travel),Y25T34,F,1.51
2012,Caring for and helping household members (includes travel),Y25T34,F,1.42
2013,Caring for and helping household members (includes travel),Y25T34,F,1.53
2014,Caring for and helping household members (includes travel),Y25T34,F,1.6
2015,Caring for and helping household members (includes travel),Y25T34,F,1.58
2016,Caring for and helping household members (includes travel),Y25T34,F,1.54
2017,Caring for and helping household members (includes travel),Y25T34,F,1.54
2018,Caring for and helping household members (includes travel),Y25T34,F,1.52
2019,Caring for and helping household members (includes travel),Y25T34,F,1.47
2020,Caring for and helping household members (includes travel),Y25T34,F,
2021,Caring for and helping household members (includes travel),Y25T34,F,1.36
2022,Caring for and helping household members (includes travel),Y25T34,F,1.24
2023,Caring for and helping household members (includes travel),Y25T34,F,1.22
2003,Caring for and helping household members (includes travel),Y25T54,M,0.53
2004,Caring for and helping household members (includes travel),Y25T54,M,0.54
2005,Caring for and helping household members (includes travel),Y25T54,M,0.52
2006,Caring for and helping household members (includes travel),Y25T54,M,0.49
2007,Caring for and helping household members (includes travel),Y25T54,M,0.51
2008,Caring for and helping household members (includes travel),Y25T54,M,0.56
2009,Caring for and helping household members (includes travel),Y25T54,M,0.58
2010,Caring for and helping household members (includes travel),Y25T54,M,0.55
2011,Caring for and helping household members (includes travel),Y25T54,M,0.53
2012,Caring for and helping household members (includes travel),Y25T54,M,0.56
2013,Caring for and helping household members (includes travel),Y25T54,M,0.6
2014,Caring for and helping household members (includes travel),Y25T54,M,0.57
2015,Caring for and helping household members (includes travel),Y25T54,M,0.53
2016,Caring for and helping household members (includes travel),Y25T54,M,0.59
2017,Caring for and helping household members (includes travel),Y25T54,M,0.58
2018,Caring for and helping household members (includes travel),Y25T54,M,0.52
2019,Caring for and helping household members (includes travel),Y25T54,M,0.55
2020,Caring for and helping household members (includes travel),Y25T54,M,
2021,Caring for and helping household members (includes travel),Y25T54,M,0.57
2022,Caring for and helping household members (includes travel),Y25T54,M,0.53
2023,Caring for and helping household members (includes travel),Y25T54,M,0.65
2003,Caring for and helping household members (includes travel),Y25T54,F,1.17
2004,Caring for and helping household members (includes travel),Y25T54,F,1.17
2005,Caring for and helping household members (includes travel),Y25T54,F,1.12
2006,Caring for and helping household members (includes travel),Y25T54,F,1.09
2007,Caring for and helping household members (includes travel),Y25T54,F,1.17
2008,Caring for and helping household members (includes travel),Y25T54,F,1.08
2009,Caring for and helping household members (includes travel),Y25T54,F,1.16
2010,Caring for and helping household members (includes travel),Y25T54,F,1.06
2011,Caring for and helping household members (includes travel),Y25T54,F,1.1
2012,Caring for and helping household members (includes travel),Y25T54,F,1.05
2013,Caring for and helping household members (includes travel),Y25T54,F,1.15
2014,Caring for and helping household members (includes travel),Y25T54,F,1.19
2015,Caring for and helping household members (includes travel),Y25T54,F,1.18
2016,Caring for and helping household members (includes travel),Y25T54,F,1.19
2017,Caring for and helping household members (includes travel),Y25T54,F,1.2
2018,Caring for and helping household members (includes travel),Y25T54,F,1.19
2019,Caring for and helping household members (includes travel),Y25T54,F,1.17
2020,Caring for and helping household members (includes travel),Y25T54,F,
2021,Caring for and helping household members (includes travel),Y25T54,F,1.13
2022,Caring for and helping household members (includes travel),Y25T54,F,1.15
2023,Caring for and helping household members (includes travel),Y25T54,F,1.12
2003,Caring for and helping household members (includes travel),Y35T44,M,0.7
2004,Caring for and helping household members (includes travel),Y35T44,M,0.76
2005,Caring for and helping household members (includes travel),Y35T44,M,0.65
2006,Caring for and helping household members (includes travel),Y35T44,M,0.66
2007,Caring for and helping household members (includes travel),Y35T44,M,0.67
2008,Caring for and helping household members (includes travel),Y35T44,M,0.72
2009,Caring for and helping household members (includes travel),Y35T44,M,0.77
2010,Caring for and helping household members (includes travel),Y35T44,M,0.79
2011,Caring for and helping household members (includes travel),Y35T44,M,0.7
2012,Caring for and helping household members (includes travel),Y35T44,M,0.74
2013,Caring for and helping household members (includes travel),Y35T44,M,0.88
2014,Caring for and helping household members (includes travel),Y35T44,M,0.83
2015,Caring for and helping household members (includes travel),Y35T44,M,0.76
2016,Caring for and helping household members (includes travel),Y35T44,M,0.92
2017,Caring for and helping household members (includes travel),Y35T44,M,0.86
2018,Caring for and helping household members (includes travel),Y35T44,M,0.72
2019,Caring for and helping household members (includes travel),Y35T44,M,0.75
2020,Caring for and helping household members (includes travel),Y35T44,M,
2021,Caring for and helping household members (includes travel),Y35T44,M,0.88
2022,Caring for and helping household members (includes travel),Y35T44,M,0.83
2023,Caring for and helping household members (includes travel),Y35T44,M,0.87
2003,Caring for and helping household members (includes travel),Y35T44,F,1.41
2004,Caring for and helping household members (includes travel),Y35T44,F,1.32
2005,Caring for and helping household members (includes travel),Y35T44,F,1.36
2006,Caring for and helping household members (includes travel),Y35T44,F,1.3
2007,Caring for and helping household members (includes travel),Y35T44,F,1.46
2008,Caring for and helping household members (includes travel),Y35T44,F,1.34
2009,Caring for and helping household members (includes travel),Y35T44,F,1.46
2010,Caring for and helping household members (includes travel),Y35T44,F,1.35
2011,Caring for and helping household members (includes travel),Y35T44,F,1.39
2012,Caring for and helping household members (includes travel),Y35T44,F,1.34
2013,Caring for and helping household members (includes travel),Y35T44,F,1.41
2014,Caring for and helping household members (includes travel),Y35T44,F,1.51
2015,Caring for and helping household members (includes travel),Y35T44,F,1.56
2016,Caring for and helping household members (includes travel),Y35T44,F,1.4
2017,Caring for and helping household members (includes travel),Y35T44,F,1.48
2018,Caring for and helping household members (includes travel),Y35T44,F,1.61
2019,Caring for and helping household members (includes travel),Y35T44,F,1.53
2020,Caring for and helping household members (includes travel),Y35T44,F,
2021,Caring for and helping household members (includes travel),Y35T44,F,1.52
2022,Caring for and helping household members (includes travel),Y35T44,F,1.59
2023,Caring for and helping household members (includes travel),Y35T44,F,1.42
2003,Caring for and helping household members (includes travel),Y45T54,M,0.29
2004,Caring for and helping household members (includes travel),Y45T54,M,0.33
2005,Caring for and helping household members (includes travel),Y45T54,M,0.3
2006,Caring for and helping household members (includes travel),Y45T54,M,0.32
2007,Caring for and helping household members (includes travel),Y45T54,M,0.31
2008,Caring for and helping household members (includes travel),Y45T54,M,0.35
2009,Caring for and helping household members (includes travel),Y45T54,M,0.34
2010,Caring for and helping household members (includes travel),Y45T54,M,0.29
2011,Caring for and helping household members (includes travel),Y45T54,M,0.39
2012,Caring for and helping household members (includes travel),Y45T54,M,0.34
2013,Caring for and helping household members (includes travel),Y45T54,M,0.38
2014,Caring for and helping household members (includes travel),Y45T54,M,0.31
2015,Caring for and helping household members (includes travel),Y45T54,M,0.32
2016,Caring for and helping household members (includes travel),Y45T54,M,0.39
2017,Caring for and helping household members (includes travel),Y45T54,M,0.36
2018,Caring for and helping household members (includes travel),Y45T54,M,0.39
2019,Caring for and helping household members (includes travel),Y45T54,M,0.38
2020,Caring for and helping household members (includes travel),Y45T54,M,
2021,Caring for and helping household members (includes travel),Y45T54,M,0.38
2022,Caring for and helping household members (includes travel),Y45T54,M,0.37
2023,Caring for and helping household members (includes travel),Y45T54,M,0.43
2003,Caring for and helping household members (includes travel),Y45T54,F,0.48
2004,Caring for and helping household members (includes travel),Y45T54,F,0.48
2005,Caring for and helping household members (includes travel),Y45T54,F,0.46
2006,Caring for and helping household members (includes travel),Y45T54,F,0.4
2007,Caring for and helping household members (includes travel),Y45T54,F,0.43
2008,Caring for and helping household members (includes travel),Y45T54,F,0.45
2009,Caring for and helping household members (includes travel),Y45T54,F,0.43
2010,Caring for and helping household members (includes travel),Y45T54,F,0.46
2011,Caring for and helping household members (includes travel),Y45T54,F,0.48
2012,Caring for and helping household members (includes travel),Y45T54,F,0.44
2013,Caring for and helping household members (includes travel),Y45T54,F,0.54
2014,Caring for and helping household members (includes travel),Y45T54,F,0.49
2015,Caring for and helping household members (includes travel),Y45T54,F,0.43
2016,Caring for and helping household members (includes travel),Y45T54,F,0.64
2017,Caring for and helping household members (includes travel),Y45T54,F,0.58
2018,Caring for and helping household members (includes travel),Y45T54,F,0.43
2019,Caring for and helping household members (includes travel),Y45T54,F,0.47
2020,Caring for and helping household members (includes travel),Y45T54,F,
2021,Caring for and helping household members (includes travel),Y45T54,F,0.45
2022,Caring for and helping household members (includes travel),Y45T54,F,0.59
2023,Caring for and helping household members (includes travel),Y45T54,F,0.69
2003,Caring for and helping household members (includes travel),Y55T64,M,0.09
2004,Caring for and helping household members (includes travel),Y55T64,M,0.14
2005,Caring for and helping household members (includes travel),Y55T64,M,0.13
2006,Caring for and helping household members (includes travel),Y55T64,M,0.13
2007,Caring for and helping household members (includes travel),Y55T64,M,0.14
2008,Caring for and helping household members (includes travel),Y55T64,M,0.15
2009,Caring for and helping household members (includes travel),Y55T64,M,0.09
2010,Caring for and helping household members (includes travel),Y55T64,M,0.11
2011,Caring for and helping household members (includes travel),Y55T64,M,0.15
2012,Caring for and helping household members (includes travel),Y55T64,M,0.11
2013,Caring for and helping household members (includes travel),Y55T64,M,0.14
2014,Caring for and helping household members (includes travel),Y55T64,M,0.11
2015,Caring for and helping household members (includes travel),Y55T64,M,0.12
2016,Caring for and helping household members (includes travel),Y55T64,M,0.09
2017,Caring for and helping household members (includes travel),Y55T64,M,0.19
2018,Caring for and helping household members (includes travel),Y55T64,M,0.12
2019,Caring for and helping household members (includes travel),Y55T64,M,0.16
2020,Caring for and helping household members (includes travel),Y55T64,M,
2021,Caring for and helping household members (includes travel),Y55T64,M,0.1
2022,Caring for and helping household members (includes travel),Y55T64,M,0.16
2023,Caring for and helping household members (includes travel),Y55T64,M,0.12
2003,Caring for and helping household members (includes travel),Y55T64,F,0.2
2004,Caring for and helping household members (includes travel),Y55T64,F,0.21
2005,Caring for and helping household members (includes travel),Y55T64,F,0.18
2006,Caring for and helping household members (includes travel),Y55T64,F,0.19
2007,Caring for and helping household members (includes travel),Y55T64,F,0.18
2008,Caring for and helping household members (includes travel),Y55T64,F,0.24
2009,Caring for and helping household members (includes travel),Y55T64,F,0.15
2010,Caring for and helping household members (includes travel),Y55T64,F,0.13
2011,Caring for and helping household members (includes travel),Y55T64,F,0.14
2012,Caring for and helping household members (includes travel),Y55T64,F,0.18
2013,Caring for and helping household members (includes travel),Y55T64,F,0.23
2014,Caring for and helping household members (includes travel),Y55T64,F,0.21
2015,Caring for and helping household members (includes travel),Y55T64,F,0.12
2016,Caring for and helping household members (includes travel),Y55T64,F,0.17
2017,Caring for and helping household members (includes travel),Y55T64,F,0.17
2018,Caring for and helping household members (includes travel),Y55T64,F,0.19
2019,Caring for and helping household members (includes travel),Y55T64,F,0.2
2020,Caring for and helping household members (includes travel),Y55T64,F,
2021,Caring for and helping household members (includes travel),Y55T64,F,0.17
2022,Caring for and helping household members (includes travel),Y55T64,F,0.2
2023,Caring for and helping household members (includes travel),Y55T64,F,0.12
2003,Caring for and helping household members (includes travel),Y_GE65,M,0.15
2004,Caring for and helping household members (includes travel),Y_GE65,M,0.13
2005,Caring for and helping household members (includes travel),Y_GE65,M,0.09
2006,Caring for and helping household members (includes travel),Y_GE65,M,0.15
2007,Caring for and helping household members (includes travel),Y_GE65,M,0.08
2008,Caring for and helping household members (includes travel),Y_GE65,M,0.08
2009,Caring for and helping household members (includes travel),Y_GE65,M,0.07
2010,Caring for and helping household members (includes travel),Y_GE65,M,0.07
2011,Caring for and helping household members (includes travel),Y_GE65,M,0.08
2012,Caring for and helping household members (includes travel),Y_GE65,M,0.1
2013,Caring for and helping household members (includes travel),Y_GE65,M,0.1
2014,Caring for and helping household members (includes travel),Y_GE65,M,0.1
2015,Caring for and helping household members (includes travel),Y_GE65,M,0.09
2016,Caring for and helping household members (includes travel),Y_GE65,M,0.1
2017,Caring for and helping household members (includes travel),Y_GE65,M,0.1
2018,Caring for and helping household members (includes travel),Y_GE65,M,0.14
2019,Caring for and helping household members (includes travel),Y_GE65,M,0.09
2020,Caring for and helping household members (includes travel),Y_GE65,M,
2021,Caring for and helping household members (includes travel),Y_GE65,M,0.06
2022,Caring for and helping household members (includes travel),Y_GE65,M,0.07
2023,Caring for and helping household members (includes travel),Y_GE65,M,0.13
2003,Caring for and helping household members (includes travel),Y_GE65,F,0.11
2004,Caring for and helping household members (includes travel),Y_GE65,F,0.1
2005,Caring for and helping household members (includes travel),Y_GE65,F,0.09
2006,Caring for and helping household members (includes travel),Y_GE65,F,0.12
2007,Caring for and helping household members (includes travel),Y_GE65,F,0.12
2008,Caring for and helping household members (includes travel),Y_GE65,F,0.09
2009,Caring for and helping household members (includes travel),Y_GE65,F,0.07
2010,Caring for and helping household members (includes travel),Y_GE65,F,0.08
2011,Caring for and helping household members (includes travel),Y_GE65,F,0.06
2012,Caring for and helping household members (includes travel),Y_GE65,F,0.13
2013,Caring for and helping household members (includes travel),Y_GE65,F,0.1
2014,Caring for and helping household members (includes travel),Y_GE65,F,0.13
2015,Caring for and helping household members (includes travel),Y_GE65,F,0.14
2016,Caring for and helping household members (includes travel),Y_GE65,F,0.16
2017,Caring for and helping household members (includes travel),Y_GE65,F,0.15
2018,Caring for and helping household members (includes travel),Y_GE65,F,0.15
2019,Caring for and helping household members (includes travel),Y_GE65,F,0.16
2020,Caring for and helping household members (includes travel),Y_GE65,F,
2021,Caring for and helping household members (includes travel),Y_GE65,F,0.14
2022,Caring for and helping household members (includes travel),Y_GE65,F,0.12
2023,Caring for and helping household members (includes travel),Y_GE65,F,0.13
2003,Caring for and helping nonhousehold members (includes travel),Y_GE15,M,0.25
2004,Caring for and helping nonhousehold members (includes travel),Y_GE15,M,0.25
2005,Caring for and helping nonhousehold members (includes travel),Y_GE15,M,0.22
2006,Caring for and helping nonhousehold members (includes travel),Y_GE15,M,0.18
2007,Caring for and helping nonhousehold members (includes travel),Y_GE15,M,0.17
2008,Caring for and helping nonhousehold members (includes travel),Y_GE15,M,0.18
2009,Caring for and helping nonhousehold members (includes travel),Y_GE15,M,0.19
2010,Caring for and helping nonhousehold members (includes travel),Y_GE15,M,0.19
2011,Caring for and helping nonhousehold members (includes travel),Y_GE15,M,0.19
2012,Caring for and helping nonhousehold members (includes travel),Y_GE15,M,0.16
2013,Caring for and helping nonhousehold members (includes travel),Y_GE15,M,0.17
2014,Caring for and helping nonhousehold members (includes travel),Y_GE15,M,0.15
2015,Caring for and helping nonhousehold members (includes travel),Y_GE15,M,0.16
2016,Caring for and helping nonhousehold members (includes travel),Y_GE15,M,0.19
2017,Caring for and helping nonhousehold members (includes travel),Y_GE15,M,0.15
2018,Caring for and helping nonhousehold members (includes travel),Y_GE15,M,0.19
2019,Caring for and helping nonhousehold members (includes travel),Y_GE15,M,0.16
2020,Caring for and helping nonhousehold members (includes travel),Y_GE15,M,
2021,Caring for and helping nonhousehold members (includes travel),Y_GE15,M,0.13
2022,Caring for and helping nonhousehold members (includes travel),Y_GE15,M,0.13
2023,Caring for and helping nonhousehold members (includes travel),Y_GE15,M,0.15
2003,Caring for and helping nonhousehold members (includes travel),Y_GE15,F,0.15
2004,Caring for and helping nonhousehold members (includes travel),Y_GE15,F,0.3
2005,Caring for and helping nonhousehold members (includes travel),Y_GE15,F,0.25
2006,Caring for and helping nonhousehold members (includes travel),Y_GE15,F,0.24
2007,Caring for and helping nonhousehold members (includes travel),Y_GE15,F,0.23
2008,Caring for and helping nonhousehold members (includes travel),Y_GE15,F,0.27
2009,Caring for and helping nonhousehold members (includes travel),Y_GE15,F,0.22
2010,Caring for and helping nonhousehold members (includes travel),Y_GE15,F,0.23
2011,Caring for and helping nonhousehold members (includes travel),Y_GE15,F,0.22
2012,Caring for and helping nonhousehold members (includes travel),Y_GE15,F,0.2
2013,Caring for and helping nonhousehold members (includes travel),Y_GE15,F,0.22
2014,Caring for and helping nonhousehold members (includes travel),Y_GE15,F,0.21
2015,Caring for and helping nonhousehold members (includes travel),Y_GE15,F,0.21
2016,Caring for and helping nonhousehold members (includes travel),Y_GE15,F,0.23
2017,Caring for and helping nonhousehold members (includes travel),Y_GE15,F,0.22
2018,Caring for and helping nonhousehold members (includes travel),Y_GE15,F,0.24
2019,Caring for and helping nonhousehold members (includes travel),Y_GE15,F,0.21
2020,Caring for and helping nonhousehold members (includes travel),Y_GE15,F,
2021,Caring for and helping nonhousehold members (includes travel),Y_GE15,F,0.23
2022,Caring for and helping nonhousehold members (includes travel),Y_GE15,F,0.22
2023,Caring for and helping nonhousehold members (includes travel),Y_GE15,F,0.19
2003,Caring for and helping nonhousehold members (includes travel),Y15T24,M,0.33
2004,Caring for and helping nonhousehold members (includes travel),Y15T24,M,0.23
2005,Caring for and helping nonhousehold members (includes travel),Y15T24,M,0.23
2006,Caring for and helping nonhousehold members (includes travel),Y15T24,M,0.21
2007,Caring for and helping nonhousehold members (includes travel),Y15T24,M,0.2
2008,Caring for and helping nonhousehold members (includes travel),Y15T24,M,0.16
2009,Caring for and helping nonhousehold members (includes travel),Y15T24,M,0.23
2010,Caring for and helping nonhousehold members (includes travel),Y15T24,M,0.19
2011,Caring for and helping nonhousehold members (includes travel),Y15T24,M,0.16
2012,Caring for and helping nonhousehold members (includes travel),Y15T24,M,0.17
2013,Caring for and helping nonhousehold members (includes travel),Y15T24,M,0.14
2014,Caring for and helping nonhousehold members (includes travel),Y15T24,M,0.14
2015,Caring for and helping nonhousehold members (includes travel),Y15T24,M,0.15
2016,Caring for and helping nonhousehold members (includes travel),Y15T24,M,0.26
2017,Caring for and helping nonhousehold members (includes travel),Y15T24,M,0.1
2018,Caring for and helping nonhousehold members (includes travel),Y15T24,M,0.12
2019,Caring for and helping nonhousehold members (includes travel),Y15T24,M,0.09
2020,Caring for and helping nonhousehold members (includes travel),Y15T24,M,
2021,Caring for and helping nonhousehold members (includes travel),Y15T24,M,0.08
2022,Caring for and helping nonhousehold members (includes travel),Y15T24,M,0.03
2023,Caring for and helping nonhousehold members (includes travel),Y15T24,M,0.13
2003,Caring for and helping nonhousehold members (includes travel),Y15T24,F,0.27
2004,Caring for and helping nonhousehold members (includes travel),Y15T24,F,0.26
2005,Caring for and helping nonhousehold members (includes travel),Y15T24,F,0.22
2006,Caring for and helping nonhousehold members (includes travel),Y15T24,F,0.2
2007,Caring for and helping nonhousehold members (includes travel),Y15T24,F,0.18
2008,Caring for and helping nonhousehold members (includes travel),Y15T24,F,0.3
2009,Caring for and helping nonhousehold members (includes travel),Y15T24,F,0.2
2010,Caring for and helping nonhousehold members (includes travel),Y15T24,F,0.19
2011,Caring for and helping nonhousehold members (includes travel),Y15T24,F,0.14
2012,Caring for and helping nonhousehold members (includes travel),Y15T24,F,0.15
2013,Caring for and helping nonhousehold members (includes travel),Y15T24,F,0.22
2014,Caring for and helping nonhousehold members (includes travel),Y15T24,F,0.18
2015,Caring for and helping nonhousehold members (includes travel),Y15T24,F,0.1
2016,Caring for and helping nonhousehold members (includes travel),Y15T24,F,0.12
2017,Caring for and helping nonhousehold members (includes travel),Y15T24,F,0.14
2018,Caring for and helping nonhousehold members (includes travel),Y15T24,F,0.16
2019,Caring for and helping nonhousehold members (includes travel),Y15T24,F,0.15
2020,Caring for and helping nonhousehold members (includes travel),Y15T24,F,
2021,Caring for and helping nonhousehold members (includes travel),Y15T24,F,0.1
2022,Caring for and helping nonhousehold members (includes travel),Y15T24,F,0.15
2023,Caring for and helping nonhousehold members (includes travel),Y15T24,F,0.13
2003,Caring for and helping nonhousehold members (includes travel),Y25T34,M,0.24
2004,Caring for and helping nonhousehold members (includes travel),Y25T34,M,0.24
2005,Caring for and helping nonhousehold members (includes travel),Y25T34,M,0.24
2006,Caring for and helping nonhousehold members (includes travel),Y25T34,M,0.11
2007,Caring for and helping nonhousehold members (includes travel),Y25T34,M,0.13
2008,Caring for and helping nonhousehold members (includes travel),Y25T34,M,0.12
2009,Caring for and helping nonhousehold members (includes travel),Y25T34,M,0.16
2010,Caring for and helping nonhousehold members (includes travel),Y25T34,M,0.18
2011,Caring for and helping nonhousehold members (includes travel),Y25T34,M,0.21
2012,Caring for and helping nonhousehold members (includes travel),Y25T34,M,0.13
2013,Caring for and helping nonhousehold members (includes travel),Y25T34,M,0.13
2014,Caring for and helping nonhousehold members (includes travel),Y25T34,M,0.12
2015,Caring for and helping nonhousehold members (includes travel),Y25T34,M,0.1
2016,Caring for and helping nonhousehold members (includes travel),Y25T34,M,0.13
2017,Caring for and helping nonhousehold members (includes travel),Y25T34,M,0.11
2018,Caring for and helping nonhousehold members (includes travel),Y25T34,M,0.19
2019,Caring for and helping nonhousehold members (includes travel),Y25T34,M,0.1
2020,Caring for and helping nonhousehold members (includes travel),Y25T34,M,
2021,Caring for and helping nonhousehold members (includes travel),Y25T34,M,0.07
2022,Caring for and helping nonhousehold members (includes travel),Y25T34,M,0.13
2023,Caring for and helping nonhousehold members (includes travel),Y25T34,M,0.08
2003,Caring for and helping nonhousehold members (includes travel),Y25T34,F,0.21
2004,Caring for and helping nonhousehold members (includes travel),Y25T34,F,0.25
2005,Caring for and helping nonhousehold members (includes travel),Y25T34,F,0.17
2006,Caring for and helping nonhousehold members (includes travel),Y25T34,F,0.14
2007,Caring for and helping nonhousehold members (includes travel),Y25T34,F,0.16
2008,Caring for and helping nonhousehold members (includes travel),Y25T34,F,0.16
2009,Caring for and helping nonhousehold members (includes travel),Y25T34,F,0.16
2010,Caring for and helping nonhousehold members (includes travel),Y25T34,F,0.16
2011,Caring for and helping nonhousehold members (includes travel),Y25T34,F,0.13
2012,Caring for and helping nonhousehold members (includes travel),Y25T34,F,0.12
2013,Caring for and helping nonhousehold members (includes travel),Y25T34,F,0.15
2014,Caring for and helping nonhousehold members (includes travel),Y25T34,F,0.11
2015,Caring for and helping nonhousehold members (includes travel),Y25T34,F,0.12
2016,Caring for and helping nonhousehold members (includes travel),Y25T34,F,0.11
2017,Caring for and helping nonhousehold members (includes travel),Y25T34,F,0.12
2018,Caring for and helping nonhousehold members (includes travel),Y25T34,F,0.11
2019,Caring for and helping nonhousehold members (includes travel),Y25T34,F,0.11
2020,Caring for and helping nonhousehold members (includes travel),Y25T34,F,
2021,Caring for and helping nonhousehold members (includes travel),Y25T34,F,0.07
2022,Caring for and helping nonhousehold members (includes travel),Y25T34,F,0.09
2023,Caring for and helping nonhousehold members (includes travel),Y25T34,F,0.04
2003,Caring for and helping nonhousehold members (includes travel),Y25T54,M,0.21
2004,Caring for and helping nonhousehold members (includes travel),Y25T54,M,0.24
2005,Caring for and helping nonhousehold members (includes travel),Y25T54,M,0.19
2006,Caring for and helping nonhousehold members (includes travel),Y25T54,M,0.15
2007,Caring for and helping nonhousehold members (includes travel),Y25T54,M,0.16
2008,Caring for and helping nonhousehold members (includes travel),Y25T54,M,0.15
2009,Caring for and helping nonhousehold members (includes travel),Y25T54,M,0.18
2010,Caring for and helping nonhousehold members (includes travel),Y25T54,M,0.19
2011,Caring for and helping nonhousehold members (includes travel),Y25T54,M,0.2
2012,Caring for and helping nonhousehold members (includes travel),Y25T54,M,0.12
2013,Caring for and helping nonhousehold members (includes travel),Y25T54,M,0.16
2014,Caring for and helping nonhousehold members (includes travel),Y25T54,M,0.15
2015,Caring for and helping nonhousehold members (includes travel),Y25T54,M,0.12
2016,Caring for and helping nonhousehold members (includes travel),Y25T54,M,0.13
2017,Caring for and helping nonhousehold members (includes travel),Y25T54,M,0.12
2018,Caring for and helping nonhousehold members (includes travel),Y25T54,M,0.16
2019,Caring for and helping nonhousehold members (includes travel),Y25T54,M,0.11
2020,Caring for and helping nonhousehold members (includes travel),Y25T54,M,
2021,Caring for and helping nonhousehold members (includes travel),Y25T54,M,0.1
2022,Caring for and helping nonhousehold members (includes travel),Y25T54,M,0.12
2023,Caring for and helping nonhousehold members (includes travel),Y25T54,M,0.11
2003,Caring for and helping nonhousehold members (includes travel),Y25T54,F,0.27
2004,Caring for and helping nonhousehold members (includes travel),Y25T54,F,0.27
2005,Caring for and helping nonhousehold members (includes travel),Y25T54,F,0.21
2006,Caring for and helping nonhousehold members (includes travel),Y25T54,F,0.22
2007,Caring for and helping nonhousehold members (includes travel),Y25T54,F,0.17
2008,Caring for and helping nonhousehold members (includes travel),Y25T54,F,0.2
2009,Caring for and helping nonhousehold members (includes travel),Y25T54,F,0.19
2010,Caring for and helping nonhousehold members (includes travel),Y25T54,F,0.21
2011,Caring for and helping nonhousehold members (includes travel),Y25T54,F,0.22
2012,Caring for and helping nonhousehold members (includes travel),Y25T54,F,0.18
2013,Caring for and helping nonhousehold members (includes travel),Y25T54,F,0.17
2014,Caring for and helping nonhousehold members (includes travel),Y25T54,F,0.17
2015,Caring for and helping nonhousehold members (includes travel),Y25T54,F,0.2
2016,Caring for and helping nonhousehold members (includes travel),Y25T54,F,0.15
2017,Caring for and helping nonhousehold members (includes travel),Y25T54,F,0.16
2018,Caring for and helping nonhousehold members (includes travel),Y25T54,F,0.17
2019,Caring for and helping nonhousehold members (includes travel),Y25T54,F,0.12
2020,Caring for and helping nonhousehold members (includes travel),Y25T54,F,
2021,Caring for and helping nonhousehold members (includes travel),Y25T54,F,0.15
2022,Caring for and helping nonhousehold members (includes travel),Y25T54,F,0.13
2023,Caring for and helping nonhousehold members (includes travel),Y25T54,F,0.11
2003,Caring for and helping nonhousehold members (includes travel),Y35T44,M,0.16
2004,Caring for and helping nonhousehold members (includes travel),Y35T44,M,0.25
2005,Caring for and helping nonhousehold members (includes travel),Y35T44,M,0.16
2006,Caring for and helping nonhousehold members (includes travel),Y35T44,M,0.14
2007,Caring for and helping nonhousehold members (includes travel),Y35T44,M,0.18
2008,Caring for and helping nonhousehold members (includes travel),Y35T44,M,0.18
2009,Caring for and helping nonhousehold members (includes travel),Y35T44,M,0.19
2010,Caring for and helping nonhousehold members (includes travel),Y35T44,M,0.18
2011,Caring for and helping nonhousehold members (includes travel),Y35T44,M,0.21
2012,Caring for and helping nonhousehold members (includes travel),Y35T44,M,0.09
2013,Caring for and helping nonhousehold members (includes travel),Y35T44,M,0.17
2014,Caring for and helping nonhousehold members (includes travel),Y35T44,M,0.16
2015,Caring for and helping nonhousehold members (includes travel),Y35T44,M,0.12
2016,Caring for and helping nonhousehold members (includes travel),Y35T44,M,0.12
2017,Caring for and helping nonhousehold members (includes travel),Y35T44,M,0.12
2018,Caring for and helping nonhousehold members (includes travel),Y35T44,M,0.12
2019,Caring for and helping nonhousehold members (includes travel),Y35T44,M,0.14
2020,Caring for and helping nonhousehold members (includes travel),Y35T44,M,
2021,Caring for and helping nonhousehold members (includes travel),Y35T44,M,0.15
2022,Caring for and helping nonhousehold members (includes travel),Y35T44,M,0.14
2023,Caring for and helping nonhousehold members (includes travel),Y35T44,M,0.15
2003,Caring for and helping nonhousehold members (includes travel),Y35T44,F,0.21
2004,Caring for and helping nonhousehold members (includes travel),Y35T44,F,0.19
2005,Caring for and helping nonhousehold members (includes travel),Y35T44,F,0.18
2006,Caring for and helping nonhousehold members (includes travel),Y35T44,F,0.24
2007,Caring for and helping nonhousehold members (includes travel),Y35T44,F,0.14
2008,Caring for and helping nonhousehold members (includes travel),Y35T44,F,0.15
2009,Caring for and helping nonhousehold members (includes travel),Y35T44,F,0.17
2010,Caring for and helping nonhousehold members (includes travel),Y35T44,F,0.13
2011,Caring for and helping nonhousehold members (includes travel),Y35T44,F,0.19
2012,Caring for and helping nonhousehold members (includes travel),Y35T44,F,0.15
2013,Caring for and helping nonhousehold members (includes travel),Y35T44,F,0.09
2014,Caring for and helping nonhousehold members (includes travel),Y35T44,F,0.16
2015,Caring for and helping nonhousehold members (includes travel),Y35T44,F,0.16
2016,Caring for and helping nonhousehold members (includes travel),Y35T44,F,0.15
2017,Caring for and helping nonhousehold members (includes travel),Y35T44,F,0.13
2018,Caring for and helping nonhousehold members (includes travel),Y35T44,F,0.1
2019,Caring for and helping nonhousehold members (includes travel),Y35T44,F,0.1
2020,Caring for and helping nonhousehold members (includes travel),Y35T44,F,
2021,Caring for and helping nonhousehold members (includes travel),Y35T44,F,0.13
2022,Caring for and helping nonhousehold members (includes travel),Y35T44,F,0.12
2023,Caring for and helping nonhousehold members (includes travel),Y35T44,F,0.1
2003,Caring for and helping nonhousehold members (includes travel),Y45T54,M,0.23
2004,Caring for and helping nonhousehold members (includes travel),Y45T54,M,0.23
2005,Caring for and helping nonhousehold members (includes travel),Y45T54,M,0.18
2006,Caring for and helping nonhousehold members (includes travel),Y45T54,M,0.21
2007,Caring for and helping nonhousehold members (includes travel),Y45T54,M,0.17
2008,Caring for and helping nonhousehold members (includes travel),Y45T54,M,0.15
2009,Caring for and helping nonhousehold members (includes travel),Y45T54,M,0.18
2010,Caring for and helping nonhousehold members (includes travel),Y45T54,M,0.21
2011,Caring for and helping nonhousehold members (includes travel),Y45T54,M,0.17
2012,Caring for and helping nonhousehold members (includes travel),Y45T54,M,0.15
2013,Caring for and helping nonhousehold members (includes travel),Y45T54,M,0.19
2014,Caring for and helping nonhousehold members (includes travel),Y45T54,M,0.18
2015,Caring for and helping nonhousehold members (includes travel),Y45T54,M,0.15
2016,Caring for and helping nonhousehold members (includes travel),Y45T54,M,0.15
2017,Caring for and helping nonhousehold members (includes travel),Y45T54,M,0.14
2018,Caring for and helping nonhousehold members (includes travel),Y45T54,M,0.16
2019,Caring for and helping nonhousehold members (includes travel),Y45T54,M,0.1
2020,Caring for and helping nonhousehold members (includes travel),Y45T54,M,
2021,Caring for and helping nonhousehold members (includes travel),Y45T54,M,0.09
2022,Caring for and helping nonhousehold members (includes travel),Y45T54,M,0.1
2023,Caring for and helping nonhousehold members (includes travel),Y45T54,M,0.11
2003,Caring for and helping nonhousehold members (includes travel),Y45T54,F,0.38
2004,Caring for and helping nonhousehold members (includes travel),Y45T54,F,0.36
2005,Caring for and helping nonhousehold members (includes travel),Y45T54,F,0.27
2006,Caring for and helping nonhousehold members (includes travel),Y45T54,F,0.27
2007,Caring for and helping nonhousehold members (includes travel),Y45T54,F,0.19
2008,Caring for and helping nonhousehold members (includes travel),Y45T54,F,0.29
2009,Caring for and helping nonhousehold members (includes travel),Y45T54,F,0.25
2010,Caring for and helping nonhousehold members (includes travel),Y45T54,F,0.34
2011,Caring for and helping nonhousehold members (includes travel),Y45T54,F,0.34
2012,Caring for and helping nonhousehold members (includes travel),Y45T54,F,0.25
2013,Caring for and helping nonhousehold members (includes travel),Y45T54,F,0.25
2014,Caring for and helping nonhousehold members (includes travel),Y45T54,F,0.23
2015,Caring for and helping nonhousehold members (includes travel),Y45T54,F,0.33
2016,Caring for and helping nonhousehold members (includes travel),Y45T54,F,0.19
2017,Caring for and helping nonhousehold members (includes travel),Y45T54,F,0.22
2018,Caring for and helping nonhousehold members (includes travel),Y45T54,F,0.3
2019,Caring for and helping nonhousehold members (includes travel),Y45T54,F,0.15
2020,Caring for and helping nonhousehold members (includes travel),Y45T54,F,
2021,Caring for and helping nonhousehold members (includes travel),Y45T54,F,0.27
2022,Caring for and helping nonhousehold members (includes travel),Y45T54,F,0.19
2023,Caring for and helping nonhousehold members (includes travel),Y45T54,F,0.18
2003,Caring for and helping nonhousehold members (includes travel),Y55T64,M,0.28
2004,Caring for and helping nonhousehold members (includes travel),Y55T64,M,0.28
2005,Caring for and helping nonhousehold members (includes travel),Y55T64,M,0.29
2006,Caring for and helping nonhousehold members (includes travel),Y55T64,M,0.21
2007,Caring for and helping nonhousehold members (includes travel),Y55T64,M,0.2
2008,Caring for and helping nonhousehold members (includes travel),Y55T64,M,0.3
2009,Caring for and helping nonhousehold members (includes travel),Y55T64,M,0.2
2010,Caring for and helping nonhousehold members (includes travel),Y55T64,M,0.22
2011,Caring for and helping nonhousehold members (includes travel),Y55T64,M,0.18
2012,Caring for and helping nonhousehold members (includes travel),Y55T64,M,0.23
2013,Caring for and helping nonhousehold members (includes travel),Y55T64,M,0.14
2014,Caring for and helping nonhousehold members (includes travel),Y55T64,M,0.14
2015,Caring for and helping nonhousehold members (includes travel),Y55T64,M,0.25
2016,Caring for and helping nonhousehold members (includes travel),Y55T64,M,0.17
2017,Caring for and helping nonhousehold members (includes travel),Y55T64,M,0.2
2018,Caring for and helping nonhousehold members (includes travel),Y55T64,M,0.24
2019,Caring for and helping nonhousehold members (includes travel),Y55T64,M,0.25
2020,Caring for and helping nonhousehold members (includes travel),Y55T64,M,
2021,Caring for and helping nonhousehold members (includes travel),Y55T64,M,0.18
2022,Caring for and helping nonhousehold members (includes travel),Y55T64,M,0.17
2023,Caring for and helping nonhousehold members (includes travel),Y55T64,M,0.18
2003,Caring for and helping nonhousehold members (includes travel),Y55T64,F,0.52
2004,Caring for and helping nonhousehold members (includes travel),Y55T64,F,0.49
2005,Caring for and helping nonhousehold members (includes travel),Y55T64,F,0.42
2006,Caring for and helping nonhousehold members (includes travel),Y55T64,F,0.35
2007,Caring for and helping nonhousehold members (includes travel),Y55T64,F,0.44
2008,Caring for and helping nonhousehold members (includes travel),Y55T64,F,0.49
2009,Caring for and helping nonhousehold members (includes travel),Y55T64,F,0.35
2010,Caring for and helping nonhousehold members (includes travel),Y55T64,F,0.31
2011,Caring for and helping nonhousehold members (includes travel),Y55T64,F,0.36
2012,Caring for and helping nonhousehold members (includes travel),Y55T64,F,0.31
2013,Caring for and helping nonhousehold members (includes travel),Y55T64,F,0.33
2014,Caring for and helping nonhousehold members (includes travel),Y55T64,F,0.34
2015,Caring for and helping nonhousehold members (includes travel),Y55T64,F,0.3
2016,Caring for and helping nonhousehold members (includes travel),Y55T64,F,0.53
2017,Caring for and helping nonhousehold members (includes travel),Y55T64,F,0.4
2018,Caring for and helping nonhousehold members (includes travel),Y55T64,F,0.37
2019,Caring for and helping nonhousehold members (includes travel),Y55T64,F,0.42
2020,Caring for and helping nonhousehold members (includes travel),Y55T64,F,
2021,Caring for and helping nonhousehold members (includes travel),Y55T64,F,0.5
2022,Caring for and helping nonhousehold members (includes travel),Y55T64,F,0.42
2023,Caring for and helping nonhousehold members (includes travel),Y55T64,F,0.39
2003,Caring for and helping nonhousehold members (includes travel),Y_GE65,M,0.3
2004,Caring for and helping nonhousehold members (includes travel),Y_GE65,M,0.29
2005,Caring for and helping nonhousehold members (includes travel),Y_GE65,M,0.25
2006,Caring for and helping nonhousehold members (includes travel),Y_GE65,M,0.25
2007,Caring for and helping nonhousehold members (includes travel),Y_GE65,M,0.14
2008,Caring for and helping nonhousehold members (includes travel),Y_GE65,M,0.22
2009,Caring for and helping nonhousehold members (includes travel),Y_GE65,M,0.21
2010,Caring for and helping nonhousehold members (includes travel),Y_GE65,M,0.21
2011,Caring for and helping nonhousehold members (includes travel),Y_GE65,M,0.21
2012,Caring for and helping nonhousehold members (includes travel),Y_GE65,M,0.2
2013,Caring for and helping nonhousehold members (includes travel),Y_GE65,M,0.24
2014,Caring for and helping nonhousehold members (includes travel),Y_GE65,M,0.18
2015,Caring for and helping nonhousehold members (includes travel),Y_GE65,M,0.2
2016,Caring for and helping nonhousehold members (includes travel),Y_GE65,M,0.31
2017,Caring for and helping nonhousehold members (includes travel),Y_GE65,M,0.23
2018,Caring for and helping nonhousehold members (includes travel),Y_GE65,M,0.31
2019,Caring for and helping nonhousehold members (includes travel),Y_GE65,M,0.26
2020,Caring for and helping nonhousehold members (includes travel),Y_GE65,M,
2021,Caring for and helping nonhousehold members (includes travel),Y_GE65,M,0.22
2022,Caring for and helping nonhousehold members (includes travel),Y_GE65,M,0.21
2023,Caring for and helping nonhousehold members (includes travel),Y_GE65,M,0.24
2003,Caring for and helping nonhousehold members (includes travel),Y_GE65,F,0.31
2004,Caring for and helping nonhousehold members (includes travel),Y_GE65,F,0.28
2005,Caring for and helping nonhousehold members (includes travel),Y_GE65,F,0.27
2006,Caring for and helping nonhousehold members (includes travel),Y_GE65,F,0.26
2007,Caring for and helping nonhousehold members (includes travel),Y_GE65,F,0.3
2008,Caring for and helping nonhousehold members (includes travel),Y_GE65,F,0.24
2009,Caring for and helping nonhousehold members (includes travel),Y_GE65,F,0.21
2010,Caring for and helping nonhousehold members (includes travel),Y_GE65,F,0.24
2011,Caring for and helping nonhousehold members (includes travel),Y_GE65,F,0.19
2012,Caring for and helping nonhousehold members (includes travel),Y_GE65,F,0.23
2013,Caring for and helping nonhousehold members (includes travel),Y_GE65,F,0.26
2014,Caring for and helping nonhousehold members (includes travel),Y_GE65,F,0.23
2015,Caring for and helping nonhousehold members (includes travel),Y_GE65,F,0.25
2016,Caring for and helping nonhousehold members (includes travel),Y_GE65,F,0.27
2017,Caring for and helping nonhousehold members (includes travel),Y_GE65,F,0.28
2018,Caring for and helping nonhousehold members (includes travel),Y_GE65,F,0.34
2019,Caring for and helping nonhousehold members (includes travel),Y_GE65,F,0.31
2020,Caring for and helping nonhousehold members (includes travel),Y_GE65,F,
2021,Caring for and helping nonhousehold members (includes travel),Y_GE65,F,0.27
2022,Caring for and helping nonhousehold members (includes travel),Y_GE65,F,0.3
2023,Caring for and helping nonhousehold members (includes travel),Y_GE65,F,0.27
2003,Purchasing goods and services (includes travel),Y_GE15,M,0.69
2004,Purchasing goods and services (includes travel),Y_GE15,M,0.66
2005,Purchasing goods and services (includes travel),Y_GE15,M,0.63
2006,Purchasing goods and services (includes travel),Y_GE15,M,0.64
2007,Purchasing goods and services (includes travel),Y_GE15,M,0.63
2008,Purchasing goods and services (includes travel),Y_GE15,M,0.6
2009,Purchasing goods and services (includes travel),Y_GE15,M,0.64
2010,Purchasing goods and services (includes travel),Y_GE15,M,0.62
2011,Purchasing goods and services (includes travel),Y_GE15,M,0.62
2012,Purchasing goods and services (includes travel),Y_GE15,M,0.6
2013,Purchasing goods and services (includes travel),Y_GE15,M,0.63
2014,Purchasing goods and services (includes travel),Y_GE15,M,0.6
2015,Purchasing goods and services (includes travel),Y_GE15,M,0.6
2016,Purchasing goods and services (includes travel),Y_GE15,M,0.63
2017,Purchasing goods and services (includes travel),Y_GE15,M,0.6
2018,Purchasing goods and services (includes travel),Y_GE15,M,0.61
2019,Purchasing goods and services (includes travel),Y_GE15,M,0.61
2020,Purchasing goods and services (includes travel),Y_GE15,M,
2021,Purchasing goods and services (includes travel),Y_GE15,M,0.57
2022,Purchasing goods and services (includes travel),Y_GE15,M,0.6
2023,Purchasing goods and services (includes travel),Y_GE15,M,0.55
2003,Purchasing goods and services (includes travel),Y_GE15,F,0.93
2004,Purchasing goods and services (includes travel),Y_GE15,F,0.97
2005,Purchasing goods and services (includes travel),Y_GE15,F,0.96
2006,Purchasing goods and services (includes travel),Y_GE15,F,0.96
2007,Purchasing goods and services (includes travel),Y_GE15,F,0.92
2008,Purchasing goods and services (includes travel),Y_GE15,F,0.92
2009,Purchasing goods and services (includes travel),Y_GE15,F,0.88
2010,Purchasing goods and services (includes travel),Y_GE15,F,0.86
2011,Purchasing goods and services (includes travel),Y_GE15,F,0.82
2012,Purchasing goods and services (includes travel),Y_GE15,F,0.84
2013,Purchasing goods and services (includes travel),Y_GE15,F,0.86
2014,Purchasing goods and services (includes travel),Y_GE15,F,0.87
2015,Purchasing goods and services (includes travel),Y_GE15,F,0.88
2016,Purchasing goods and services (includes travel),Y_GE15,F,0.89
2017,Purchasing goods and services (includes travel),Y_GE15,F,0.83
2018,Purchasing goods and services (includes travel),Y_GE15,F,0.82
2019,Purchasing goods and services (includes travel),Y_GE15,F,0.87
2020,Purchasing goods and services (includes travel),Y_GE15,F,
2021,Purchasing goods and services (includes travel),Y_GE15,F,0.78
2022,Purchasing goods and services (includes travel),Y_GE15,F,0.72
2023,Purchasing goods and services (includes travel),Y_GE15,F,0.76
2003,Purchasing goods and services (includes travel),Y15T24,M,0.55
2004,Purchasing goods and services (includes travel),Y15T24,M,0.5
2005,Purchasing goods and services (includes travel),Y15T24,M,0.47
2006,Purchasing goods and services (includes travel),Y15T24,M,0.42
2007,Purchasing goods and services (includes travel),Y15T24,M,0.54
2008,Purchasing goods and services (includes travel),Y15T24,M,0.44
2009,Purchasing goods and services (includes travel),Y15T24,M,0.48
2010,Purchasing goods and services (includes travel),Y15T24,M,0.5
2011,Purchasing goods and services (includes travel),Y15T24,M,0.42
2012,Purchasing goods and services (includes travel),Y15T24,M,0.42
2013,Purchasing goods and services (includes travel),Y15T24,M,0.44
2014,Purchasing goods and services (includes travel),Y15T24,M,0.4
2015,Purchasing goods and services (includes travel),Y15T24,M,0.46
2016,Purchasing goods and services (includes travel),Y15T24,M,0.45
2017,Purchasing goods and services (includes travel),Y15T24,M,0.41
2018,Purchasing goods and services (includes travel),Y15T24,M,0.38
2019,Purchasing goods and services (includes travel),Y15T24,M,0.38
2020,Purchasing goods and services (includes travel),Y15T24,M,
2021,Purchasing goods and services (includes travel),Y15T24,M,0.42
2022,Purchasing goods and services (includes travel),Y15T24,M,0.33
2023,Purchasing goods and services (includes travel),Y15T24,M,0.33
2003,Purchasing goods and services (includes travel),Y15T24,F,0.81
2004,Purchasing goods and services (includes travel),Y15T24,F,0.75
2005,Purchasing goods and services (includes travel),Y15T24,F,0.82
2006,Purchasing goods and services (includes travel),Y15T24,F,0.81
2007,Purchasing goods and services (includes travel),Y15T24,F,0.75
2008,Purchasing goods and services (includes travel),Y15T24,F,0.83
2009,Purchasing goods and services (includes travel),Y15T24,F,0.75
2010,Purchasing goods and services (includes travel),Y15T24,F,0.65
2011,Purchasing goods and services (includes travel),Y15T24,F,0.66
2012,Purchasing goods and services (includes travel),Y15T24,F,0.67
2013,Purchasing goods and services (includes travel),Y15T24,F,0.7
2014,Purchasing goods and services (includes travel),Y15T24,F,0.84
2015,Purchasing goods and services (includes travel),Y15T24,F,0.7
2016,Purchasing goods and services (includes travel),Y15T24,F,0.65
2017,Purchasing goods and services (includes travel),Y15T24,F,0.72
2018,Purchasing goods and services (includes travel),Y15T24,F,0.64
2019,Purchasing goods and services (includes travel),Y15T24,F,0.83
2020,Purchasing goods and services (includes travel),Y15T24,F,
2021,Purchasing goods and services (includes travel),Y15T24,F,0.77
2022,Purchasing goods and services (includes travel),Y15T24,F,0.61
2023,Purchasing goods and services (includes travel),Y15T24,F,0.57
2003,Purchasing goods and services (includes travel),Y25T34,M,0.69
2004,Purchasing goods and services (includes travel),Y25T34,M,0.68
2005,Purchasing goods and services (includes travel),Y25T34,M,0.59
2006,Purchasing goods and services (includes travel),Y25T34,M,0.62
2007,Purchasing goods and services (includes travel),Y25T34,M,0.58
2008,Purchasing goods and services (includes travel),Y25T34,M,0.58
2009,Purchasing goods and services (includes travel),Y25T34,M,0.61
2010,Purchasing goods and services (includes travel),Y25T34,M,0.61
2011,Purchasing goods and services (includes travel),Y25T34,M,0.51
2012,Purchasing goods and services (includes travel),Y25T34,M,0.56
2013,Purchasing goods and services (includes travel),Y25T34,M,0.64
2014,Purchasing goods and services (includes travel),Y25T34,M,0.51
2015,Purchasing goods and services (includes travel),Y25T34,M,0.48
2016,Purchasing goods and services (includes travel),Y25T34,M,0.5
2017,Purchasing goods and services (includes travel),Y25T34,M,0.53
2018,Purchasing goods and services (includes travel),Y25T34,M,0.58
2019,Purchasing goods and services (includes travel),Y25T34,M,0.45
2020,Purchasing goods and services (includes travel),Y25T34,M,
2021,Purchasing goods and services (includes travel),Y25T34,M,0.5
2022,Purchasing goods and services (includes travel),Y25T34,M,0.5
2023,Purchasing goods and services (includes travel),Y25T34,M,0.43
2003,Purchasing goods and services (includes travel),Y25T34,F,0.87
2004,Purchasing goods and services (includes travel),Y25T34,F,0.99
2005,Purchasing goods and services (includes travel),Y25T34,F,1.04
2006,Purchasing goods and services (includes travel),Y25T34,F,0.99
2007,Purchasing goods and services (includes travel),Y25T34,F,0.9
2008,Purchasing goods and services (includes travel),Y25T34,F,0.87
2009,Purchasing goods and services (includes travel),Y25T34,F,0.78
2010,Purchasing goods and services (includes travel),Y25T34,F,0.8
2011,Purchasing goods and services (includes travel),Y25T34,F,0.71
2012,Purchasing goods and services (includes travel),Y25T34,F,0.85
2013,Purchasing goods and services (includes travel),Y25T34,F,0.88
2014,Purchasing goods and services (includes travel),Y25T34,F,0.75
2015,Purchasing goods and services (includes travel),Y25T34,F,0.82
2016,Purchasing goods and services (includes travel),Y25T34,F,0.88
2017,Purchasing goods and services (includes travel),Y25T34,F,0.83
2018,Purchasing goods and services (includes travel),Y25T34,F,0.74
2019,Purchasing goods and services (includes travel),Y25T34,F,0.73
2020,Purchasing goods and services (includes travel),Y25T34,F,
2021,Purchasing goods and services (includes travel),Y25T34,F,0.7
2022,Purchasing goods and services (includes travel),Y25T34,F,0.66
2023,Purchasing goods and services (includes travel),Y25T34,F,0.74
2003,Purchasing goods and services (includes travel),Y25T54,M,0.68
2004,Purchasing goods and services (includes travel),Y25T54,M,0.65
2005,Purchasing goods and services (includes travel),Y25T54,M,0.61
2006,Purchasing goods and services (includes travel),Y25T54,M,0.64
2007,Purchasing goods and services (includes travel),Y25T54,M,0.62
2008,Purchasing goods and services (includes travel),Y25T54,M,0.58
2009,Purchasing goods and services (includes travel),Y25T54,M,0.64
2010,Purchasing goods and services (includes travel),Y25T54,M,0.62
2011,Purchasing goods and services (includes travel),Y25T54,M,0.6
2012,Purchasing goods and services (includes travel),Y25T54,M,0.59
2013,Purchasing goods and services (includes travel),Y25T54,M,0.65
2014,Purchasing goods and services (includes travel),Y25T54,M,0.58
2015,Purchasing goods and services (includes travel),Y25T54,M,0.57
2016,Purchasing goods and services (includes travel),Y25T54,M,0.62
2017,Purchasing goods and services (includes travel),Y25T54,M,0.56
2018,Purchasing goods and services (includes travel),Y25T54,M,0.59
2019,Purchasing goods and services (includes travel),Y25T54,M,0.57
2020,Purchasing goods and services (includes travel),Y25T54,M,
2021,Purchasing goods and services (includes travel),Y25T54,M,0.57
2022,Purchasing goods and services (includes travel),Y25T54,M,0.57
2023,Purchasing goods and services (includes travel),Y25T54,M,0.55
2003,Purchasing goods and services (includes travel),Y25T54,F,0.95
2004,Purchasing goods and services (includes travel),Y25T54,F,1.03
2005,Purchasing goods and services (includes travel),Y25T54,F,1.0
2006,Purchasing goods and services (includes travel),Y25T54,F,1.02
2007,Purchasing goods and services (includes travel),Y25T54,F,0.91
2008,Purchasing goods and services (includes travel),Y25T54,F,0.94
2009,Purchasing goods and services (includes travel),Y25T54,F,0.89
2010,Purchasing goods and services (includes travel),Y25T54,F,0.86
2011,Purchasing goods and services (includes travel),Y25T54,F,0.87
2012,Purchasing goods and services (includes travel),Y25T54,F,0.83
2013,Purchasing goods and services (includes travel),Y25T54,F,0.88
2014,Purchasing goods and services (includes travel),Y25T54,F,0.82
2015,Purchasing goods and services (includes travel),Y25T54,F,0.9
2016,Purchasing goods and services (includes travel),Y25T54,F,0.86
2017,Purchasing goods and services (includes travel),Y25T54,F,0.82
2018,Purchasing goods and services (includes travel),Y25T54,F,0.85
2019,Purchasing goods and services (includes travel),Y25T54,F,0.85
2020,Purchasing goods and services (includes travel),Y25T54,F,
2021,Purchasing goods and services (includes travel),Y25T54,F,0.73
2022,Purchasing goods and services (includes travel),Y25T54,F,0.69
2023,Purchasing goods and services (includes travel),Y25T54,F,0.78
2003,Purchasing goods and services (includes travel),Y35T44,M,0.67
2004,Purchasing goods and services (includes travel),Y35T44,M,0.61
2005,Purchasing goods and services (includes travel),Y35T44,M,0.66
2006,Purchasing goods and services (includes travel),Y35T44,M,0.66
2007,Purchasing goods and services (includes travel),Y35T44,M,0.61
2008,Purchasing goods and services (includes travel),Y35T44,M,0.58
2009,Purchasing goods and services (includes travel),Y35T44,M,0.65
2010,Purchasing goods and services (includes travel),Y35T44,M,0.7
2011,Purchasing goods and services (includes travel),Y35T44,M,0.62
2012,Purchasing goods and services (includes travel),Y35T44,M,0.62
2013,Purchasing goods and services (includes travel),Y35T44,M,0.66
2014,Purchasing goods and services (includes travel),Y35T44,M,0.56
2015,Purchasing goods and services (includes travel),Y35T44,M,0.58
2016,Purchasing goods and services (includes travel),Y35T44,M,0.6
2017,Purchasing goods and services (includes travel),Y35T44,M,0.59
2018,Purchasing goods and services (includes travel),Y35T44,M,0.5
2019,Purchasing goods and services (includes travel),Y35T44,M,0.58
2020,Purchasing goods and services (includes travel),Y35T44,M,
2021,Purchasing goods and services (includes travel),Y35T44,M,0.56
2022,Purchasing goods and services (includes travel),Y35T44,M,0.57
2023,Purchasing goods and services (includes travel),Y35T44,M,0.6
2003,Purchasing goods and services (includes travel),Y35T44,F,0.97
2004,Purchasing goods and services (includes travel),Y35T44,F,1.01
2005,Purchasing goods and services (includes travel),Y35T44,F,1.01
2006,Purchasing goods and services (includes travel),Y35T44,F,1.07
2007,Purchasing goods and services (includes travel),Y35T44,F,0.89
2008,Purchasing goods and services (includes travel),Y35T44,F,1.01
2009,Purchasing goods and services (includes travel),Y35T44,F,0.91
2010,Purchasing goods and services (includes travel),Y35T44,F,0.87
2011,Purchasing goods and services (includes travel),Y35T44,F,0.9
2012,Purchasing goods and services (includes travel),Y35T44,F,0.84
2013,Purchasing goods and services (includes travel),Y35T44,F,0.87
2014,Purchasing goods and services (includes travel),Y35T44,F,0.82
2015,Purchasing goods and services (includes travel),Y35T44,F,0.92
2016,Purchasing goods and services (includes travel),Y35T44,F,0.82
2017,Purchasing goods and services (includes travel),Y35T44,F,0.78
2018,Purchasing goods and services (includes travel),Y35T44,F,0.74
2019,Purchasing goods and services (includes travel),Y35T44,F,0.89
2020,Purchasing goods and services (includes travel),Y35T44,F,
2021,Purchasing goods and services (includes travel),Y35T44,F,0.69
2022,Purchasing goods and services (includes travel),Y35T44,F,0.68
2023,Purchasing goods and services (includes travel),Y35T44,F,0.82
2003,Purchasing goods and services (includes travel),Y45T54,M,0.67
2004,Purchasing goods and services (includes travel),Y45T54,M,0.67
2005,Purchasing goods and services (includes travel),Y45T54,M,0.57
2006,Purchasing goods and services (includes travel),Y45T54,M,0.64
2007,Purchasing goods and services (includes travel),Y45T54,M,0.67
2008,Purchasing goods and services (includes travel),Y45T54,M,0.57
2009,Purchasing goods and services (includes travel),Y45T54,M,0.66
2010,Purchasing goods and services (includes travel),Y45T54,M,0.55
2011,Purchasing goods and services (includes travel),Y45T54,M,0.68
2012,Purchasing goods and services (includes travel),Y45T54,M,0.58
2013,Purchasing goods and services (includes travel),Y45T54,M,0.64
2014,Purchasing goods and services (includes travel),Y45T54,M,0.67
2015,Purchasing goods and services (includes travel),Y45T54,M,0.66
2016,Purchasing goods and services (includes travel),Y45T54,M,0.75
2017,Purchasing goods and services (includes travel),Y45T54,M,0.57
2018,Purchasing goods and services (includes travel),Y45T54,M,0.71
2019,Purchasing goods and services (includes travel),Y45T54,M,0.71
2020,Purchasing goods and services (includes travel),Y45T54,M,
2021,Purchasing goods and services (includes travel),Y45T54,M,0.66
2022,Purchasing goods and services (includes travel),Y45T54,M,0.64
2023,Purchasing goods and services (includes travel),Y45T54,M,0.64
2003,Purchasing goods and services (includes travel),Y45T54,F,1.0
2004,Purchasing goods and services (includes travel),Y45T54,F,1.09
2005,Purchasing goods and services (includes travel),Y45T54,F,0.96
2006,Purchasing goods and services (includes travel),Y45T54,F,1.0
2007,Purchasing goods and services (includes travel),Y45T54,F,0.95
2008,Purchasing goods and services (includes travel),Y45T54,F,0.94
2009,Purchasing goods and services (includes travel),Y45T54,F,0.96
2010,Purchasing goods and services (includes travel),Y45T54,F,0.92
2011,Purchasing goods and services (includes travel),Y45T54,F,0.98
2012,Purchasing goods and services (includes travel),Y45T54,F,0.81
2013,Purchasing goods and services (includes travel),Y45T54,F,0.88
2014,Purchasing goods and services (includes travel),Y45T54,F,0.89
2015,Purchasing goods and services (includes travel),Y45T54,F,0.97
2016,Purchasing goods and services (includes travel),Y45T54,F,0.88
2017,Purchasing goods and services (includes travel),Y45T54,F,0.86
2018,Purchasing goods and services (includes travel),Y45T54,F,1.06
2019,Purchasing goods and services (includes travel),Y45T54,F,0.94
2020,Purchasing goods and services (includes travel),Y45T54,F,
2021,Purchasing goods and services (includes travel),Y45T54,F,0.81
2022,Purchasing goods and services (includes travel),Y45T54,F,0.74
2023,Purchasing goods and services (includes travel),Y45T54,F,0.79
2003,Purchasing goods and services (includes travel),Y55T64,M,0.69
2004,Purchasing goods and services (includes travel),Y55T64,M,0.69
2005,Purchasing goods and services (includes travel),Y55T64,M,0.71
2006,Purchasing goods and services (includes travel),Y55T64,M,0.79
2007,Purchasing goods and services (includes travel),Y55T64,M,0.68
2008,Purchasing goods and services (includes travel),Y55T64,M,0.67
2009,Purchasing goods and services (includes travel),Y55T64,M,0.74
2010,Purchasing goods and services (includes travel),Y55T64,M,0.68
2011,Purchasing goods and services (includes travel),Y55T64,M,0.68
2012,Purchasing goods and services (includes travel),Y55T64,M,0.72
2013,Purchasing goods and services (includes travel),Y55T64,M,0.65
2014,Purchasing goods and services (includes travel),Y55T64,M,0.74
2015,Purchasing goods and services (includes travel),Y55T64,M,0.67
2016,Purchasing goods and services (includes travel),Y55T64,M,0.69
2017,Purchasing goods and services (includes travel),Y55T64,M,0.71
2018,Purchasing goods and services (includes travel),Y55T64,M,0.7
2019,Purchasing goods and services (includes travel),Y55T64,M,0.68
2020,Purchasing goods and services (includes travel),Y55T64,M,
2021,Purchasing goods and services (includes travel),Y55T64,M,0.54
2022,Purchasing goods and services (includes travel),Y55T64,M,0.83
2023,Purchasing goods and services (includes travel),Y55T64,M,0.53
2003,Purchasing goods and services (includes travel),Y55T64,F,1.1
2004,Purchasing goods and services (includes travel),Y55T64,F,1.07
2005,Purchasing goods and services (includes travel),Y55T64,F,0.98
2006,Purchasing goods and services (includes travel),Y55T64,F,1.01
2007,Purchasing goods and services (includes travel),Y55T64,F,1.21
2008,Purchasing goods and services (includes travel),Y55T64,F,1.05
2009,Purchasing goods and services (includes travel),Y55T64,F,1.01
2010,Purchasing goods and services (includes travel),Y55T64,F,1.0
2011,Purchasing goods and services (includes travel),Y55T64,F,0.77
2012,Purchasing goods and services (includes travel),Y55T64,F,0.99
2013,Purchasing goods and services (includes travel),Y55T64,F,0.9
2014,Purchasing goods and services (includes travel),Y55T64,F,0.9
2015,Purchasing goods and services (includes travel),Y55T64,F,0.91
2016,Purchasing goods and services (includes travel),Y55T64,F,1.01
2017,Purchasing goods and services (includes travel),Y55T64,F,0.83
2018,Purchasing goods and services (includes travel),Y55T64,F,0.87
2019,Purchasing goods and services (includes travel),Y55T64,F,0.81
2020,Purchasing goods and services (includes travel),Y55T64,F,
2021,Purchasing goods and services (includes travel),Y55T64,F,0.85
2022,Purchasing goods and services (includes travel),Y55T64,F,0.81
2023,Purchasing goods and services (includes travel),Y55T64,F,0.76
2003,Purchasing goods and services (includes travel),Y_GE65,M,0.91
2004,Purchasing goods and services (includes travel),Y_GE65,M,0.86
2005,Purchasing goods and services (includes travel),Y_GE65,M,0.83
2006,Purchasing goods and services (includes travel),Y_GE65,M,0.82
2007,Purchasing goods and services (includes travel),Y_GE65,M,0.77
2008,Purchasing goods and services (includes travel),Y_GE65,M,0.82
2009,Purchasing goods and services (includes travel),Y_GE65,M,0.71
2010,Purchasing goods and services (includes travel),Y_GE65,M,0.73
2011,Purchasing goods and services (includes travel),Y_GE65,M,0.84
2012,Purchasing goods and services (includes travel),Y_GE65,M,0.7
2013,Purchasing goods and services (includes travel),Y_GE65,M,0.75
2014,Purchasing goods and services (includes travel),Y_GE65,M,0.72
2015,Purchasing goods and services (includes travel),Y_GE65,M,0.76
2016,Purchasing goods and services (includes travel),Y_GE65,M,0.77
2017,Purchasing goods and services (includes travel),Y_GE65,M,0.78
2018,Purchasing goods and services (includes travel),Y_GE65,M,0.79
2019,Purchasing goods and services (includes travel),Y_GE65,M,0.84
2020,Purchasing goods and services (includes travel),Y_GE65,M,
2021,Purchasing goods and services (includes travel),Y_GE65,M,0.75
2022,Purchasing goods and services (includes travel),Y_GE65,M,0.72
2023,Purchasing goods and services (includes travel),Y_GE65,M,0.73
2003,Purchasing goods and services (includes travel),Y_GE65,F,0.88
2004,Purchasing goods and services (includes travel),Y_GE65,F,0.9
2005,Purchasing goods and services (includes travel),Y_GE65,F,0.97
2006,Purchasing goods and services (includes travel),Y_GE65,F,0.9
2007,Purchasing goods and services (includes travel),Y_GE65,F,0.89
2008,Purchasing goods and services (includes travel),Y_GE65,F,0.86
2009,Purchasing goods and services (includes travel),Y_GE65,F,0.85
2010,Purchasing goods and services (includes travel),Y_GE65,F,0.93
2011,Purchasing goods and services (includes travel),Y_GE65,F,0.89
2012,Purchasing goods and services (includes travel),Y_GE65,F,0.88
2013,Purchasing goods and services (includes travel),Y_GE65,F,0.92
2014,Purchasing goods and services (includes travel),Y_GE65,F,0.98
2015,Purchasing goods and services (includes travel),Y_GE65,F,0.97
2016,Purchasing goods and services (includes travel),Y_GE65,F,1.04
2017,Purchasing goods and services (includes travel),Y_GE65,F,0.95
2018,Purchasing goods and services (includes travel),Y_GE65,F,0.88
2019,Purchasing goods and services (includes travel),Y_GE65,F,1.0
2020,Purchasing goods and services (includes travel),Y_GE65,F,
2021,Purchasing goods and services (includes travel),Y_GE65,F,0.85
2022,Purchasing goods and services (includes travel),Y_GE65,F,0.8
2023,Purchasing goods and services (includes travel),Y_GE65,F,0.85
